tenure_months,churn_rate,n_customers
0,0.0,11
1,0.6199021207177814,613
2,0.5168067226890757,238
3,0.47,200
4,0.4715909090909091,176
5,0.48120300751879697,133
6,0.36363636363636365,110
7,0.3893129770992366,131
8,0.34146341463414637,123
9,0.3865546218487395,119
10,0.3879310344827586,116
11,0.31313131313131315,99
12,0.3247863247863248,117
13,0.3486238532110092,109
14,0.3157894736842105,76
15,0.37373737373737376,99
16,0.35,80
17,0.2988505747126437,87
18,0.24742268041237114,97
19,0.2602739726027397,73
20,0.2535211267605634,71
21,0.2698412698412698,63
22,0.3,90
23,0.15294117647058825,85
24,0.24468085106382978,94
25,0.2911392405063291,79
26,0.189873417721519,79
27,0.18055555555555555,72
28,0.21052631578947367,57
29,0.20833333333333334,72
30,0.2222222222222222,72
31,0.24615384615384617,65
32,0.2753623188405797,69
33,0.21875,64
34,0.18461538461538463,65
35,0.17045454545454544,88
36,0.2,50
37,0.23076923076923078,65
38,0.22033898305084745,59
39,0.25,56
40,0.203125,64
41,0.2,70
42,0.2153846153846154,65
43,0.23076923076923078,65
44,0.11764705882352941,51
45,0.09836065573770492,61
46,0.16216216216216217,74
47,0.20588235294117646,68
48,0.140625,64
49,0.22727272727272727,66
50,0.14705882352941177,68
51,0.11764705882352941,68
52,0.1,80
53,0.2,70
54,0.19117647058823528,68
55,0.140625,64
56,0.125,80
57,0.12307692307692308,65
58,0.16417910447761194,67
59,0.13333333333333333,60
60,0.07894736842105263,76
61,0.10526315789473684,76
62,0.07142857142857142,70
63,0.05555555555555555,72
64,0.05,80
65,0.11842105263157894,76
66,0.14606741573033707,89
67,0.10204081632653061,98
68,0.09,100
69,0.08421052631578947,95
70,0.09243697478991597,119
71,0.03529411764705882,170
72,0.016574585635359115,362
