,importance
IsMonthToMonth,0.20189566994276356
Contract,0.17979164116582816
tenure,0.13307954665781943
MonthlyCharges,0.11320619105934501
InternetService,0.09168130778918336
TotalCharges,0.07673495725729174
HasSecuritySuite,0.03127887568253385
PaymentMethod,0.031006092051855397
PaperlessBilling,0.02771107204869448
NumAddOnServices,0.018968680128387094
OnlineSecurity,0.018078130326902298
StreamingMovies,0.011421406119655116
TechSupport,0.010796531187382287
StreamingTV,0.008632950492905394
OnlineBackup,0.008417086835172043
Dependents,0.00803021307312994
MultipleLines,0.00694609504578474
gender,0.005274601587866105
Partner,0.0050828529500901
SeniorCitizen,0.005031766730841269
DeviceProtection,0.0038789089045012694
PhoneService,0.0030554229620674686
